{"Gen Loss": 1.9020471572875977, "Disc Loss": 1.6102858781814575, "_timestamp": 1646728440, "_runtime": 10, "_step": 0, "_wandb": {"runtime": 9}}